"","DictionaryLM.negative"
"1","abandon"
"2","abandoned"
"3","abandoning"
"4","abandonment"
"5","abandonments"
"6","abandons"
"7","abdicated"
"8","abdicates"
"9","abdicating"
"10","abdication"
"11","abdications"
"12","aberrant"
"13","aberration"
"14","aberrational"
"15","aberrations"
"16","abetting"
"17","abnormal"
"18","abnormalities"
"19","abnormality"
"20","abnormally"
"21","abolish"
"22","abolished"
"23","abolishes"
"24","abolishing"
"25","abrogate"
"26","abrogated"
"27","abrogates"
"28","abrogating"
"29","abrogation"
"30","abrogations"
"31","abrupt"
"32","abruptly"
"33","abruptness"
"34","absence"
"35","absences"
"36","absenteeism"
"37","abuse"
"38","abused"
"39","abuses"
"40","abusing"
"41","abusive"
"42","abusively"
"43","abusiveness"
"44","accident"
"45","accidental"
"46","accidentally"
"47","accidents"
"48","accusation"
"49","accusations"
"50","accuse"
"51","accused"
"52","accuses"
"53","accusing"
"54","acquiesce"
"55","acquiesced"
"56","acquiesces"
"57","acquiescing"
"58","acquit"
"59","acquits"
"60","acquittal"
"61","acquittals"
"62","acquitted"
"63","acquitting"
"64","adulterate"
"65","adulterated"
"66","adulterating"
"67","adulteration"
"68","adulterations"
"69","adversarial"
"70","adversaries"
"71","adversary"
"72","adverse"
"73","adversely"
"74","adversities"
"75","adversity"
"76","aftermath"
"77","aftermaths"
"78","against"
"79","aggravate"
"80","aggravated"
"81","aggravates"
"82","aggravating"
"83","aggravation"
"84","aggravations"
"85","alerted"
"86","alerting"
"87","alienate"
"88","alienated"
"89","alienates"
"90","alienating"
"91","alienation"
"92","alienations"
"93","allegation"
"94","allegations"
"95","allege"
"96","alleged"
"97","allegedly"
"98","alleges"
"99","alleging"
"100","annoy"
"101","annoyance"
"102","annoyances"
"103","annoyed"
"104","annoying"
"105","annoys"
"106","annul"
"107","annulled"
"108","annulling"
"109","annulment"
"110","annulments"
"111","annuls"
"112","anomalies"
"113","anomalous"
"114","anomalously"
"115","anomaly"
"116","anticompetitive"
"117","antitrust"
"118","argue"
"119","argued"
"120","arguing"
"121","argument"
"122","argumentative"
"123","arguments"
"124","arrearage"
"125","arrearages"
"126","arrears"
"127","arrest"
"128","arrested"
"129","arrests"
"130","artificially"
"131","assault"
"132","assaulted"
"133","assaulting"
"134","assaults"
"135","assertions"
"136","attrition"
"137","aversely"
"138","backdating"
"139","bad"
"140","bail"
"141","bailout"
"142","balk"
"143","balked"
"144","bankrupt"
"145","bankruptcies"
"146","bankruptcy"
"147","bankrupted"
"148","bankrupting"
"149","bankrupts"
"150","bans"
"151","barred"
"152","barrier"
"153","barriers"
"154","bottleneck"
"155","bottlenecks"
"156","boycott"
"157","boycotted"
"158","boycotting"
"159","boycotts"
"160","breach"
"161","breached"
"162","breaches"
"163","breaching"
"164","break"
"165","breakage"
"166","breakages"
"167","breakdown"
"168","breakdowns"
"169","breaking"
"170","breaks"
"171","bribe"
"172","bribed"
"173","briberies"
"174","bribery"
"175","bribes"
"176","bribing"
"177","bridge"
"178","broken"
"179","burden"
"180","burdened"
"181","burdening"
"182","burdens"
"183","burdensome"
"184","burned"
"185","calamities"
"186","calamitous"
"187","calamity"
"188","cancel"
"189","canceled"
"190","canceling"
"191","cancellation"
"192","cancellations"
"193","cancelled"
"194","cancelling"
"195","cancels"
"196","careless"
"197","carelessly"
"198","carelessness"
"199","catastrophe"
"200","catastrophes"
"201","catastrophic"
"202","catastrophically"
"203","caution"
"204","cautionary"
"205","cautioned"
"206","cautioning"
"207","cautions"
"208","cease"
"209","ceased"
"210","ceases"
"211","ceasing"
"212","censure"
"213","censured"
"214","censures"
"215","censuring"
"216","challenge"
"217","challenged"
"218","challenges"
"219","challenging"
"220","chargeoffs"
"221","circumvent"
"222","circumvented"
"223","circumventing"
"224","circumvention"
"225","circumventions"
"226","circumvents"
"227","claiming"
"228","claims"
"229","clawback"
"230","closed"
"231","closeout"
"232","closeouts"
"233","closing"
"234","closings"
"235","closure"
"236","closures"
"237","coerce"
"238","coerced"
"239","coerces"
"240","coercing"
"241","coercion"
"242","coercive"
"243","collapse"
"244","collapsed"
"245","collapses"
"246","collapsing"
"247","collision"
"248","collisions"
"249","collude"
"250","colluded"
"251","colludes"
"252","colluding"
"253","collusion"
"254","collusions"
"255","collusive"
"256","complain"
"257","complained"
"258","complaining"
"259","complains"
"260","complaint"
"261","complaints"
"262","complicate"
"263","complicated"
"264","complicates"
"265","complicating"
"266","complication"
"267","complications"
"268","compulsion"
"269","concealed"
"270","concealing"
"271","concede"
"272","conceded"
"273","concedes"
"274","conceding"
"275","concern"
"276","concerned"
"277","concerns"
"278","conciliating"
"279","conciliation"
"280","conciliations"
"281","condemn"
"282","condemnation"
"283","condemnations"
"284","condemned"
"285","condemning"
"286","condemns"
"287","condone"
"288","condoned"
"289","confess"
"290","confessed"
"291","confesses"
"292","confessing"
"293","confession"
"294","confine"
"295","confined"
"296","confinement"
"297","confinements"
"298","confines"
"299","confining"
"300","confiscate"
"301","confiscated"
"302","confiscates"
"303","confiscating"
"304","confiscation"
"305","confiscations"
"306","conflict"
"307","conflicted"
"308","conflicting"
"309","conflicts"
"310","confront"
"311","confrontation"
"312","confrontational"
"313","confrontations"
"314","confronted"
"315","confronting"
"316","confronts"
"317","confuse"
"318","confused"
"319","confuses"
"320","confusing"
"321","confusingly"
"322","confusion"
"323","conspiracies"
"324","conspiracy"
"325","conspirator"
"326","conspiratorial"
"327","conspirators"
"328","conspire"
"329","conspired"
"330","conspires"
"331","conspiring"
"332","contempt"
"333","contend"
"334","contended"
"335","contending"
"336","contends"
"337","contention"
"338","contentions"
"339","contentious"
"340","contentiously"
"341","contested"
"342","contesting"
"343","contraction"
"344","contractions"
"345","contradict"
"346","contradicted"
"347","contradicting"
"348","contradiction"
"349","contradictions"
"350","contradictory"
"351","contradicts"
"352","contrary"
"353","controversial"
"354","controversies"
"355","controversy"
"356","convict"
"357","convicted"
"358","convicting"
"359","conviction"
"360","convictions"
"361","corrected"
"362","correcting"
"363","correction"
"364","corrections"
"365","corrects"
"366","corrupt"
"367","corrupted"
"368","corrupting"
"369","corruption"
"370","corruptions"
"371","corruptly"
"372","corruptness"
"373","costly"
"374","counterclaim"
"375","counterclaimed"
"376","counterclaiming"
"377","counterclaims"
"378","counterfeit"
"379","counterfeited"
"380","counterfeiter"
"381","counterfeiters"
"382","counterfeiting"
"383","counterfeits"
"384","countermeasure"
"385","countermeasures"
"386","crime"
"387","crimes"
"388","criminal"
"389","criminally"
"390","criminals"
"391","crises"
"392","crisis"
"393","critical"
"394","critically"
"395","criticism"
"396","criticisms"
"397","criticize"
"398","criticized"
"399","criticizes"
"400","criticizing"
"401","crucial"
"402","crucially"
"403","culpability"
"404","culpable"
"405","culpably"
"406","cumbersome"
"407","curtail"
"408","curtailed"
"409","curtailing"
"410","curtailment"
"411","curtailments"
"412","curtails"
"413","cut"
"414","cutback"
"415","cutbacks"
"416","cyberattack"
"417","cyberattacks"
"418","cyberbullying"
"419","cybercrime"
"420","cybercrimes"
"421","cybercriminal"
"422","cybercriminals"
"423","damage"
"424","damaged"
"425","damages"
"426","damaging"
"427","dampen"
"428","dampened"
"429","danger"
"430","dangerous"
"431","dangerously"
"432","dangers"
"433","deadlock"
"434","deadlocked"
"435","deadlocking"
"436","deadlocks"
"437","deadweight"
"438","deadweights"
"439","debarment"
"440","debarments"
"441","debarred"
"442","deceased"
"443","deceit"
"444","deceitful"
"445","deceitfulness"
"446","deceive"
"447","deceived"
"448","deceives"
"449","deceiving"
"450","deception"
"451","deceptions"
"452","deceptive"
"453","deceptively"
"454","decline"
"455","declined"
"456","declines"
"457","declining"
"458","deface"
"459","defaced"
"460","defacement"
"461","defamation"
"462","defamations"
"463","defamatory"
"464","defame"
"465","defamed"
"466","defames"
"467","defaming"
"468","default"
"469","defaulted"
"470","defaulting"
"471","defaults"
"472","defeat"
"473","defeated"
"474","defeating"
"475","defeats"
"476","defect"
"477","defective"
"478","defects"
"479","defend"
"480","defendant"
"481","defendants"
"482","defended"
"483","defending"
"484","defends"
"485","defensive"
"486","defer"
"487","deficiencies"
"488","deficiency"
"489","deficient"
"490","deficit"
"491","deficits"
"492","defraud"
"493","defrauded"
"494","defrauding"
"495","defrauds"
"496","defunct"
"497","degradation"
"498","degradations"
"499","degrade"
"500","degraded"
"501","degrades"
"502","degrading"
"503","delay"
"504","delayed"
"505","delaying"
"506","delays"
"507","deleterious"
"508","deliberate"
"509","deliberated"
"510","deliberately"
"511","delinquencies"
"512","delinquency"
"513","delinquent"
"514","delinquently"
"515","delinquents"
"516","delist"
"517","delisted"
"518","delisting"
"519","delists"
"520","demise"
"521","demised"
"522","demises"
"523","demising"
"524","demolish"
"525","demolished"
"526","demolishes"
"527","demolishing"
"528","demolition"
"529","demolitions"
"530","demote"
"531","demoted"
"532","demotes"
"533","demoting"
"534","demotion"
"535","demotions"
"536","denial"
"537","denials"
"538","denied"
"539","denies"
"540","denigrate"
"541","denigrated"
"542","denigrates"
"543","denigrating"
"544","denigration"
"545","deny"
"546","denying"
"547","deplete"
"548","depleted"
"549","depletes"
"550","depleting"
"551","depletion"
"552","depletions"
"553","deprecation"
"554","depress"
"555","depressed"
"556","depresses"
"557","depressing"
"558","deprivation"
"559","deprive"
"560","deprived"
"561","deprives"
"562","depriving"
"563","derelict"
"564","dereliction"
"565","derogatory"
"566","destabilization"
"567","destabilize"
"568","destabilized"
"569","destabilizing"
"570","destroy"
"571","destroyed"
"572","destroying"
"573","destroys"
"574","destruction"
"575","destructive"
"576","detain"
"577","detained"
"578","detention"
"579","detentions"
"580","deter"
"581","deteriorate"
"582","deteriorated"
"583","deteriorates"
"584","deteriorating"
"585","deterioration"
"586","deteriorations"
"587","deterred"
"588","deterrence"
"589","deterrences"
"590","deterrent"
"591","deterrents"
"592","deterring"
"593","deters"
"594","detract"
"595","detracted"
"596","detracting"
"597","detriment"
"598","detrimental"
"599","detrimentally"
"600","detriments"
"601","devalue"
"602","devalued"
"603","devalues"
"604","devaluing"
"605","devastate"
"606","devastated"
"607","devastating"
"608","devastation"
"609","deviate"
"610","deviated"
"611","deviates"
"612","deviating"
"613","deviation"
"614","deviations"
"615","devolve"
"616","devolved"
"617","devolves"
"618","devolving"
"619","difficult"
"620","difficulties"
"621","difficultly"
"622","difficulty"
"623","diminish"
"624","diminished"
"625","diminishes"
"626","diminishing"
"627","diminution"
"628","disadvantage"
"629","disadvantaged"
"630","disadvantageous"
"631","disadvantages"
"632","disaffiliation"
"633","disagree"
"634","disagreeable"
"635","disagreed"
"636","disagreeing"
"637","disagreement"
"638","disagreements"
"639","disagrees"
"640","disallow"
"641","disallowance"
"642","disallowances"
"643","disallowed"
"644","disallowing"
"645","disallows"
"646","disappear"
"647","disappearance"
"648","disappearances"
"649","disappeared"
"650","disappearing"
"651","disappears"
"652","disappoint"
"653","disappointed"
"654","disappointing"
"655","disappointingly"
"656","disappointment"
"657","disappointments"
"658","disappoints"
"659","disapproval"
"660","disapprovals"
"661","disapprove"
"662","disapproved"
"663","disapproves"
"664","disapproving"
"665","disassociates"
"666","disassociating"
"667","disassociation"
"668","disassociations"
"669","disaster"
"670","disasters"
"671","disastrous"
"672","disastrously"
"673","disavow"
"674","disavowal"
"675","disavowed"
"676","disavowing"
"677","disavows"
"678","disciplinary"
"679","disclaim"
"680","disclaimed"
"681","disclaimer"
"682","disclaimers"
"683","disclaiming"
"684","disclaims"
"685","disclose"
"686","disclosed"
"687","discloses"
"688","disclosing"
"689","discontinuance"
"690","discontinuances"
"691","discontinuation"
"692","discontinuations"
"693","discontinue"
"694","discontinued"
"695","discontinues"
"696","discontinuing"
"697","discourage"
"698","discouraged"
"699","discourages"
"700","discouraging"
"701","discredit"
"702","discredited"
"703","discrediting"
"704","discredits"
"705","discrepancies"
"706","discrepancy"
"707","disfavor"
"708","disfavored"
"709","disfavoring"
"710","disfavors"
"711","disgorge"
"712","disgorged"
"713","disgorgement"
"714","disgorgements"
"715","disgorges"
"716","disgorging"
"717","disgrace"
"718","disgraceful"
"719","disgracefully"
"720","dishonest"
"721","dishonestly"
"722","dishonesty"
"723","dishonor"
"724","dishonorable"
"725","dishonorably"
"726","dishonored"
"727","dishonoring"
"728","dishonors"
"729","disincentives"
"730","disinterested"
"731","disinterestedly"
"732","disinterestedness"
"733","disloyal"
"734","disloyally"
"735","disloyalty"
"736","dismal"
"737","dismally"
"738","dismiss"
"739","dismissal"
"740","dismissals"
"741","dismissed"
"742","dismisses"
"743","dismissing"
"744","disorderly"
"745","disparage"
"746","disparaged"
"747","disparagement"
"748","disparagements"
"749","disparages"
"750","disparaging"
"751","disparagingly"
"752","disparities"
"753","disparity"
"754","displace"
"755","displaced"
"756","displacement"
"757","displacements"
"758","displaces"
"759","displacing"
"760","dispose"
"761","dispossess"
"762","dispossessed"
"763","dispossesses"
"764","dispossessing"
"765","disproportion"
"766","disproportional"
"767","disproportionate"
"768","disproportionately"
"769","dispute"
"770","disputed"
"771","disputes"
"772","disputing"
"773","disqualification"
"774","disqualifications"
"775","disqualified"
"776","disqualifies"
"777","disqualify"
"778","disqualifying"
"779","disregard"
"780","disregarded"
"781","disregarding"
"782","disregards"
"783","disreputable"
"784","disrepute"
"785","disrupt"
"786","disrupted"
"787","disrupting"
"788","disruption"
"789","disruptions"
"790","disruptive"
"791","disrupts"
"792","dissatisfaction"
"793","dissatisfied"
"794","dissent"
"795","dissented"
"796","dissenter"
"797","dissenters"
"798","dissenting"
"799","dissents"
"800","dissident"
"801","dissidents"
"802","dissolution"
"803","dissolutions"
"804","distort"
"805","distorted"
"806","distorting"
"807","distortion"
"808","distortions"
"809","distorts"
"810","distract"
"811","distracted"
"812","distracting"
"813","distraction"
"814","distractions"
"815","distracts"
"816","distress"
"817","distressed"
"818","disturb"
"819","disturbance"
"820","disturbances"
"821","disturbed"
"822","disturbing"
"823","disturbs"
"824","diversion"
"825","divert"
"826","diverted"
"827","diverting"
"828","diverts"
"829","divest"
"830","divested"
"831","divesting"
"832","divestiture"
"833","divestitures"
"834","divestment"
"835","divestments"
"836","divests"
"837","divorce"
"838","divorced"
"839","divulge"
"840","divulged"
"841","divulges"
"842","divulging"
"843","doubt"
"844","doubted"
"845","doubtful"
"846","doubts"
"847","downgrade"
"848","downgraded"
"849","downgrades"
"850","downgrading"
"851","downsize"
"852","downsized"
"853","downsizes"
"854","downsizing"
"855","downsizings"
"856","downtime"
"857","downtimes"
"858","downturn"
"859","downturns"
"860","downward"
"861","downwards"
"862","drag"
"863","drastic"
"864","drastically"
"865","drawback"
"866","drawbacks"
"867","dropped"
"868","drought"
"869","droughts"
"870","duress"
"871","dysfunction"
"872","dysfunctional"
"873","dysfunctions"
"874","easing"
"875","egregious"
"876","egregiously"
"877","embargo"
"878","embargoed"
"879","embargoes"
"880","embargoing"
"881","embarrass"
"882","embarrassed"
"883","embarrasses"
"884","embarrassing"
"885","embarrassment"
"886","embarrassments"
"887","embezzle"
"888","embezzled"
"889","embezzlement"
"890","embezzlements"
"891","embezzler"
"892","embezzles"
"893","embezzling"
"894","encroach"
"895","encroached"
"896","encroaches"
"897","encroaching"
"898","encroachment"
"899","encroachments"
"900","encumber"
"901","encumbered"
"902","encumbering"
"903","encumbers"
"904","encumbrance"
"905","encumbrances"
"906","endanger"
"907","endangered"
"908","endangering"
"909","endangerment"
"910","endangers"
"911","enjoin"
"912","enjoined"
"913","enjoining"
"914","enjoins"
"915","erode"
"916","eroded"
"917","erodes"
"918","eroding"
"919","erosion"
"920","erratic"
"921","erratically"
"922","erred"
"923","erring"
"924","erroneous"
"925","erroneously"
"926","error"
"927","errors"
"928","errs"
"929","escalate"
"930","escalated"
"931","escalates"
"932","escalating"
"933","evade"
"934","evaded"
"935","evades"
"936","evading"
"937","evasion"
"938","evasions"
"939","evasive"
"940","evict"
"941","evicted"
"942","evicting"
"943","eviction"
"944","evictions"
"945","evicts"
"946","exacerbate"
"947","exacerbated"
"948","exacerbates"
"949","exacerbating"
"950","exacerbation"
"951","exacerbations"
"952","exaggerate"
"953","exaggerated"
"954","exaggerates"
"955","exaggerating"
"956","exaggeration"
"957","excessive"
"958","excessively"
"959","exculpate"
"960","exculpated"
"961","exculpates"
"962","exculpating"
"963","exculpation"
"964","exculpations"
"965","exculpatory"
"966","exonerate"
"967","exonerated"
"968","exonerates"
"969","exonerating"
"970","exoneration"
"971","exonerations"
"972","exploit"
"973","exploitation"
"974","exploitations"
"975","exploitative"
"976","exploited"
"977","exploiting"
"978","exploits"
"979","expose"
"980","exposed"
"981","exposes"
"982","exposing"
"983","expropriate"
"984","expropriated"
"985","expropriates"
"986","expropriating"
"987","expropriation"
"988","expropriations"
"989","expulsion"
"990","expulsions"
"991","extenuating"
"992","fail"
"993","failed"
"994","failing"
"995","failings"
"996","fails"
"997","failure"
"998","failures"
"999","fallout"
"1000","0"
"1001","falsely"
"1002","falsification"
"1003","falsifications"
"1004","falsified"
"1005","falsifies"
"1006","falsify"
"1007","falsifying"
"1008","falsity"
"1009","fatalities"
"1010","fatality"
"1011","fatally"
"1012","fault"
"1013","faulted"
"1014","faults"
"1015","faulty"
"1016","fear"
"1017","fears"
"1018","felonies"
"1019","felonious"
"1020","felony"
"1021","fictitious"
"1022","fined"
"1023","fines"
"1024","fired"
"1025","firing"
"1026","flaw"
"1027","flawed"
"1028","flaws"
"1029","forbid"
"1030","forbidden"
"1031","forbidding"
"1032","forbids"
"1033","force"
"1034","forced"
"1035","forcing"
"1036","foreclose"
"1037","foreclosed"
"1038","forecloses"
"1039","foreclosing"
"1040","foreclosure"
"1041","foreclosures"
"1042","forego"
"1043","foregoes"
"1044","foregone"
"1045","forestall"
"1046","forestalled"
"1047","forestalling"
"1048","forestalls"
"1049","forfeit"
"1050","forfeited"
"1051","forfeiting"
"1052","forfeits"
"1053","forfeiture"
"1054","forfeitures"
"1055","forgers"
"1056","forgery"
"1057","fraud"
"1058","frauds"
"1059","fraudulence"
"1060","fraudulent"
"1061","fraudulently"
"1062","frivolous"
"1063","frivolously"
"1064","frustrate"
"1065","frustrated"
"1066","frustrates"
"1067","frustrating"
"1068","frustratingly"
"1069","frustration"
"1070","frustrations"
"1071","fugitive"
"1072","fugitives"
"1073","gratuitous"
"1074","gratuitously"
"1075","grievance"
"1076","grievances"
"1077","grossly"
"1078","groundless"
"1079","guilty"
"1080","halt"
"1081","halted"
"1082","hamper"
"1083","hampered"
"1084","hampering"
"1085","hampers"
"1086","harass"
"1087","harassed"
"1088","harassing"
"1089","harassment"
"1090","hardship"
"1091","hardships"
"1092","harm"
"1093","harmed"
"1094","harmful"
"1095","harmfully"
"1096","harming"
"1097","harms"
"1098","harsh"
"1099","harsher"
"1100","harshest"
"1101","harshly"
"1102","harshness"
"1103","hazard"
"1104","hazardous"
"1105","hazards"
"1106","hinder"
"1107","hindered"
"1108","hindering"
"1109","hinders"
"1110","hindrance"
"1111","hindrances"
"1112","hostile"
"1113","hostility"
"1114","hurt"
"1115","hurting"
"1116","idle"
"1117","idled"
"1118","idling"
"1119","ignore"
"1120","ignored"
"1121","ignores"
"1122","ignoring"
"1123","ill"
"1124","illegal"
"1125","illegalities"
"1126","illegality"
"1127","illegally"
"1128","illegible"
"1129","illicit"
"1130","illicitly"
"1131","illiquid"
"1132","illiquidity"
"1133","imbalance"
"1134","imbalances"
"1135","immature"
"1136","immoral"
"1137","impair"
"1138","impaired"
"1139","impairing"
"1140","impairment"
"1141","impairments"
"1142","impairs"
"1143","impasse"
"1144","impasses"
"1145","impede"
"1146","impeded"
"1147","impedes"
"1148","impediment"
"1149","impediments"
"1150","impeding"
"1151","impending"
"1152","imperative"
"1153","imperfection"
"1154","imperfections"
"1155","imperil"
"1156","impermissible"
"1157","implicate"
"1158","implicated"
"1159","implicates"
"1160","implicating"
"1161","impossibility"
"1162","impossible"
"1163","impound"
"1164","impounded"
"1165","impounding"
"1166","impounds"
"1167","impracticable"
"1168","impractical"
"1169","impracticalities"
"1170","impracticality"
"1171","imprisonment"
"1172","improper"
"1173","improperly"
"1174","improprieties"
"1175","impropriety"
"1176","imprudent"
"1177","imprudently"
"1178","inability"
"1179","inaccessible"
"1180","inaccuracies"
"1181","inaccuracy"
"1182","inaccurate"
"1183","inaccurately"
"1184","inaction"
"1185","inactions"
"1186","inactivate"
"1187","inactivated"
"1188","inactivates"
"1189","inactivating"
"1190","inactivation"
"1191","inactivations"
"1192","inactivity"
"1193","inadequacies"
"1194","inadequacy"
"1195","inadequate"
"1196","inadequately"
"1197","inadvertent"
"1198","inadvertently"
"1199","inadvisability"
"1200","inadvisable"
"1201","inappropriate"
"1202","inappropriately"
"1203","inattention"
"1204","incapable"
"1205","incapacitated"
"1206","incapacity"
"1207","incarcerate"
"1208","incarcerated"
"1209","incarcerates"
"1210","incarcerating"
"1211","incarceration"
"1212","incarcerations"
"1213","incidence"
"1214","incidences"
"1215","incident"
"1216","incidents"
"1217","incompatibilities"
"1218","incompatibility"
"1219","incompatible"
"1220","incompetence"
"1221","incompetency"
"1222","incompetent"
"1223","incompetently"
"1224","incompetents"
"1225","incomplete"
"1226","incompletely"
"1227","incompleteness"
"1228","inconclusive"
"1229","inconsistencies"
"1230","inconsistency"
"1231","inconsistent"
"1232","inconsistently"
"1233","inconvenience"
"1234","inconveniences"
"1235","inconvenient"
"1236","incorrect"
"1237","incorrectly"
"1238","incorrectness"
"1239","indecency"
"1240","indecent"
"1241","indefeasible"
"1242","indefeasibly"
"1243","indict"
"1244","indictable"
"1245","indicted"
"1246","indicting"
"1247","indictment"
"1248","indictments"
"1249","ineffective"
"1250","ineffectively"
"1251","ineffectiveness"
"1252","inefficiencies"
"1253","inefficiency"
"1254","inefficient"
"1255","inefficiently"
"1256","ineligibility"
"1257","ineligible"
"1258","inequitable"
"1259","inequitably"
"1260","inequities"
"1261","inequity"
"1262","inevitable"
"1263","inexperience"
"1264","inexperienced"
"1265","inferior"
"1266","inflicted"
"1267","infraction"
"1268","infractions"
"1269","infringe"
"1270","infringed"
"1271","infringement"
"1272","infringements"
"1273","infringes"
"1274","infringing"
"1275","inhibited"
"1276","inimical"
"1277","injunction"
"1278","injunctions"
"1279","injure"
"1280","injured"
"1281","injures"
"1282","injuries"
"1283","injuring"
"1284","injurious"
"1285","injury"
"1286","inordinate"
"1287","inordinately"
"1288","inquiry"
"1289","insecure"
"1290","insensitive"
"1291","insolvencies"
"1292","insolvency"
"1293","insolvent"
"1294","instability"
"1295","insubordination"
"1296","insufficiency"
"1297","insufficient"
"1298","insufficiently"
"1299","insurrection"
"1300","insurrections"
"1301","intentional"
"1302","interfere"
"1303","interfered"
"1304","interference"
"1305","interferences"
"1306","interferes"
"1307","interfering"
"1308","intermittent"
"1309","intermittently"
"1310","interrupt"
"1311","interrupted"
"1312","interrupting"
"1313","interruption"
"1314","interruptions"
"1315","interrupts"
"1316","intimidation"
"1317","intrusion"
"1318","invalid"
"1319","invalidate"
"1320","invalidated"
"1321","invalidates"
"1322","invalidating"
"1323","invalidation"
"1324","invalidity"
"1325","investigate"
"1326","investigated"
"1327","investigates"
"1328","investigating"
"1329","investigation"
"1330","investigations"
"1331","involuntarily"
"1332","involuntary"
"1333","irreconcilable"
"1334","irreconcilably"
"1335","irrecoverable"
"1336","irrecoverably"
"1337","irregular"
"1338","irregularities"
"1339","irregularity"
"1340","irregularly"
"1341","irreparable"
"1342","irreparably"
"1343","irreversible"
"1344","jeopardize"
"1345","jeopardized"
"1346","justifiable"
"1347","kickback"
"1348","kickbacks"
"1349","knowingly"
"1350","lack"
"1351","lacked"
"1352","lacking"
"1353","lackluster"
"1354","lacks"
"1355","lag"
"1356","lagged"
"1357","lagging"
"1358","lags"
"1359","lapse"
"1360","lapsed"
"1361","lapses"
"1362","lapsing"
"1363","late"
"1364","laundering"
"1365","layoff"
"1366","layoffs"
"1367","lie"
"1368","limitation"
"1369","limitations"
"1370","lingering"
"1371","liquidate"
"1372","liquidated"
"1373","liquidates"
"1374","liquidating"
"1375","liquidation"
"1376","liquidations"
"1377","liquidator"
"1378","liquidators"
"1379","litigant"
"1380","litigants"
"1381","litigate"
"1382","litigated"
"1383","litigates"
"1384","litigating"
"1385","litigation"
"1386","litigations"
"1387","lockout"
"1388","lockouts"
"1389","lose"
"1390","loses"
"1391","losing"
"1392","loss"
"1393","losses"
"1394","lost"
"1395","lying"
"1396","malfeasance"
"1397","malfunction"
"1398","malfunctioned"
"1399","malfunctioning"
"1400","malfunctions"
"1401","malice"
"1402","malicious"
"1403","maliciously"
"1404","malpractice"
"1405","manipulate"
"1406","manipulated"
"1407","manipulates"
"1408","manipulating"
"1409","manipulation"
"1410","manipulations"
"1411","manipulative"
"1412","markdown"
"1413","markdowns"
"1414","misapplication"
"1415","misapplications"
"1416","misapplied"
"1417","misapplies"
"1418","misapply"
"1419","misapplying"
"1420","misappropriate"
"1421","misappropriated"
"1422","misappropriates"
"1423","misappropriating"
"1424","misappropriation"
"1425","misappropriations"
"1426","misbranded"
"1427","miscalculate"
"1428","miscalculated"
"1429","miscalculates"
"1430","miscalculating"
"1431","miscalculation"
"1432","miscalculations"
"1433","mischaracterization"
"1434","mischief"
"1435","misclassification"
"1436","misclassifications"
"1437","misclassified"
"1438","misclassify"
"1439","miscommunication"
"1440","misconduct"
"1441","misdated"
"1442","misdemeanor"
"1443","misdemeanors"
"1444","misdirected"
"1445","mishandle"
"1446","mishandled"
"1447","mishandles"
"1448","mishandling"
"1449","misinform"
"1450","misinformation"
"1451","misinformed"
"1452","misinforming"
"1453","misinforms"
"1454","misinterpret"
"1455","misinterpretation"
"1456","misinterpretations"
"1457","misinterpreted"
"1458","misinterpreting"
"1459","misinterprets"
"1460","misjudge"
"1461","misjudged"
"1462","misjudges"
"1463","misjudging"
"1464","misjudgment"
"1465","misjudgments"
"1466","mislabel"
"1467","mislabeled"
"1468","mislabeling"
"1469","mislabelled"
"1470","mislabels"
"1471","mislead"
"1472","misleading"
"1473","misleadingly"
"1474","misleads"
"1475","misled"
"1476","mismanage"
"1477","mismanaged"
"1478","mismanagement"
"1479","mismanages"
"1480","mismanaging"
"1481","mismatch"
"1482","mismatched"
"1483","mismatches"
"1484","mismatching"
"1485","misplaced"
"1486","misprice"
"1487","mispricing"
"1488","mispricings"
"1489","misrepresent"
"1490","misrepresentation"
"1491","misrepresentations"
"1492","misrepresented"
"1493","misrepresenting"
"1494","misrepresents"
"1495","miss"
"1496","missed"
"1497","misses"
"1498","misstate"
"1499","misstated"
"1500","misstatement"
"1501","misstatements"
"1502","misstates"
"1503","misstating"
"1504","misstep"
"1505","missteps"
"1506","mistake"
"1507","mistaken"
"1508","mistakenly"
"1509","mistakes"
"1510","mistaking"
"1511","mistrial"
"1512","mistrials"
"1513","misunderstand"
"1514","misunderstanding"
"1515","misunderstandings"
"1516","misunderstood"
"1517","misuse"
"1518","misused"
"1519","misuses"
"1520","misusing"
"1521","monopolistic"
"1522","monopolists"
"1523","monopolization"
"1524","monopolize"
"1525","monopolized"
"1526","monopolizes"
"1527","monopolizing"
"1528","monopoly"
"1529","moratoria"
"1530","moratorium"
"1531","moratoriums"
"1532","mothballed"
"1533","mothballing"
"1534","negative"
"1535","negatively"
"1536","negatives"
"1537","neglect"
"1538","neglected"
"1539","neglectful"
"1540","neglecting"
"1541","neglects"
"1542","negligence"
"1543","negligences"
"1544","negligent"
"1545","negligently"
"1546","nonattainment"
"1547","noncompetitive"
"1548","noncompliance"
"1549","noncompliances"
"1550","noncompliant"
"1551","noncomplying"
"1552","nonconforming"
"1553","nonconformities"
"1554","nonconformity"
"1555","nondisclosure"
"1556","nonfunctional"
"1557","nonpayment"
"1558","nonpayments"
"1559","nonperformance"
"1560","nonperformances"
"1561","nonperforming"
"1562","nonproducing"
"1563","nonproductive"
"1564","nonrecoverable"
"1565","nonrenewal"
"1566","nuisance"
"1567","nuisances"
"1568","nullification"
"1569","nullifications"
"1570","nullified"
"1571","nullifies"
"1572","nullify"
"1573","nullifying"
"1574","objected"
"1575","objecting"
"1576","objection"
"1577","objectionable"
"1578","objectionably"
"1579","objections"
"1580","obscene"
"1581","obscenity"
"1582","obsolescence"
"1583","obsolete"
"1584","obstacle"
"1585","obstacles"
"1586","obstruct"
"1587","obstructed"
"1588","obstructing"
"1589","obstruction"
"1590","obstructions"
"1591","offence"
"1592","offences"
"1593","offend"
"1594","offended"
"1595","offender"
"1596","offenders"
"1597","offending"
"1598","offends"
"1599","omission"
"1600","omissions"
"1601","omit"
"1602","omits"
"1603","omitted"
"1604","omitting"
"1605","onerous"
"1606","opportunistic"
"1607","opportunistically"
"1608","oppose"
"1609","opposed"
"1610","opposes"
"1611","opposing"
"1612","opposition"
"1613","oppositions"
"1614","outage"
"1615","outages"
"1616","outdated"
"1617","outmoded"
"1618","overage"
"1619","overages"
"1620","overbuild"
"1621","overbuilding"
"1622","overbuilds"
"1623","overbuilt"
"1624","overburden"
"1625","overburdened"
"1626","overburdening"
"1627","overcapacities"
"1628","overcapacity"
"1629","overcharge"
"1630","overcharged"
"1631","overcharges"
"1632","overcharging"
"1633","overcome"
"1634","overcomes"
"1635","overcoming"
"1636","overdue"
"1637","overestimate"
"1638","overestimated"
"1639","overestimates"
"1640","overestimating"
"1641","overestimation"
"1642","overestimations"
"1643","overload"
"1644","overloaded"
"1645","overloading"
"1646","overloads"
"1647","overlook"
"1648","overlooked"
"1649","overlooking"
"1650","overlooks"
"1651","overpaid"
"1652","overpayment"
"1653","overpayments"
"1654","overproduced"
"1655","overproduces"
"1656","overproducing"
"1657","overproduction"
"1658","overrun"
"1659","overrunning"
"1660","overruns"
"1661","overshadow"
"1662","overshadowed"
"1663","overshadowing"
"1664","overshadows"
"1665","overstate"
"1666","overstated"
"1667","overstatement"
"1668","overstatements"
"1669","overstates"
"1670","overstating"
"1671","oversupplied"
"1672","oversupplies"
"1673","oversupply"
"1674","oversupplying"
"1675","overtly"
"1676","overturn"
"1677","overturned"
"1678","overturning"
"1679","overturns"
"1680","overvalue"
"1681","overvalued"
"1682","overvaluing"
"1683","panic"
"1684","panics"
"1685","penalize"
"1686","penalized"
"1687","penalizes"
"1688","penalizing"
"1689","penalties"
"1690","penalty"
"1691","peril"
"1692","perils"
"1693","perjury"
"1694","perpetrate"
"1695","perpetrated"
"1696","perpetrates"
"1697","perpetrating"
"1698","perpetration"
"1699","persist"
"1700","persisted"
"1701","persistence"
"1702","persistent"
"1703","persistently"
"1704","persisting"
"1705","persists"
"1706","pervasive"
"1707","pervasively"
"1708","pervasiveness"
"1709","petty"
"1710","picket"
"1711","picketed"
"1712","picketing"
"1713","plaintiff"
"1714","plaintiffs"
"1715","plea"
"1716","plead"
"1717","pleaded"
"1718","pleading"
"1719","pleadings"
"1720","pleads"
"1721","pleas"
"1722","pled"
"1723","poor"
"1724","poorly"
"1725","poses"
"1726","posing"
"1727","postpone"
"1728","postponed"
"1729","postponement"
"1730","postponements"
"1731","postpones"
"1732","postponing"
"1733","precipitated"
"1734","precipitous"
"1735","precipitously"
"1736","preclude"
"1737","precluded"
"1738","precludes"
"1739","precluding"
"1740","predatory"
"1741","prejudice"
"1742","prejudiced"
"1743","prejudices"
"1744","prejudicial"
"1745","prejudicing"
"1746","premature"
"1747","prematurely"
"1748","pressing"
"1749","pretrial"
"1750","preventing"
"1751","prevention"
"1752","prevents"
"1753","problem"
"1754","problematic"
"1755","problematical"
"1756","problems"
"1757","prolong"
"1758","prolongation"
"1759","prolongations"
"1760","prolonged"
"1761","prolonging"
"1762","prolongs"
"1763","prone"
"1764","prosecute"
"1765","prosecuted"
"1766","prosecutes"
"1767","prosecuting"
"1768","prosecution"
"1769","prosecutions"
"1770","protest"
"1771","protested"
"1772","protester"
"1773","protesters"
"1774","protesting"
"1775","protestor"
"1776","protestors"
"1777","protests"
"1778","protracted"
"1779","protraction"
"1780","provoke"
"1781","provoked"
"1782","provokes"
"1783","provoking"
"1784","punished"
"1785","punishes"
"1786","punishing"
"1787","punishment"
"1788","punishments"
"1789","punitive"
"1790","purport"
"1791","purported"
"1792","purportedly"
"1793","purporting"
"1794","purports"
"1795","question"
"1796","questionable"
"1797","questionably"
"1798","questioned"
"1799","questioning"
"1800","questions"
"1801","quit"
"1802","quitting"
"1803","racketeer"
"1804","racketeering"
"1805","rationalization"
"1806","rationalizations"
"1807","rationalize"
"1808","rationalized"
"1809","rationalizes"
"1810","rationalizing"
"1811","reassessment"
"1812","reassessments"
"1813","reassign"
"1814","reassigned"
"1815","reassigning"
"1816","reassignment"
"1817","reassignments"
"1818","reassigns"
"1819","recall"
"1820","recalled"
"1821","recalling"
"1822","recalls"
"1823","recession"
"1824","recessionary"
"1825","recessions"
"1826","reckless"
"1827","recklessly"
"1828","recklessness"
"1829","redact"
"1830","redacted"
"1831","redacting"
"1832","redaction"
"1833","redactions"
"1834","redefault"
"1835","redefaulted"
"1836","redefaults"
"1837","redress"
"1838","redressed"
"1839","redresses"
"1840","redressing"
"1841","refusal"
"1842","refusals"
"1843","refuse"
"1844","refused"
"1845","refuses"
"1846","refusing"
"1847","reject"
"1848","rejected"
"1849","rejecting"
"1850","rejection"
"1851","rejections"
"1852","rejects"
"1853","relinquish"
"1854","relinquished"
"1855","relinquishes"
"1856","relinquishing"
"1857","relinquishment"
"1858","relinquishments"
"1859","reluctance"
"1860","reluctant"
"1861","renegotiate"
"1862","renegotiated"
"1863","renegotiates"
"1864","renegotiating"
"1865","renegotiation"
"1866","renegotiations"
"1867","renounce"
"1868","renounced"
"1869","renouncement"
"1870","renouncements"
"1871","renounces"
"1872","renouncing"
"1873","reparation"
"1874","reparations"
"1875","repossessed"
"1876","repossesses"
"1877","repossessing"
"1878","repossession"
"1879","repossessions"
"1880","repudiate"
"1881","repudiated"
"1882","repudiates"
"1883","repudiating"
"1884","repudiation"
"1885","repudiations"
"1886","resign"
"1887","resignation"
"1888","resignations"
"1889","resigned"
"1890","resigning"
"1891","resigns"
"1892","restate"
"1893","restated"
"1894","restatement"
"1895","restatements"
"1896","restates"
"1897","restating"
"1898","restructure"
"1899","restructured"
"1900","restructures"
"1901","restructuring"
"1902","restructurings"
"1903","retaliate"
"1904","retaliated"
"1905","retaliates"
"1906","retaliating"
"1907","retaliation"
"1908","retaliations"
"1909","retaliatory"
"1910","retribution"
"1911","retributions"
"1912","revocation"
"1913","revocations"
"1914","revoke"
"1915","revoked"
"1916","revokes"
"1917","revoking"
"1918","ridicule"
"1919","ridiculed"
"1920","ridicules"
"1921","ridiculing"
"1922","riskier"
"1923","riskiest"
"1924","risky"
"1925","sabotage"
"1926","sacrifice"
"1927","sacrificed"
"1928","sacrifices"
"1929","sacrificial"
"1930","sacrificing"
"1931","scandalous"
"1932","scandals"
"1933","scrutinize"
"1934","scrutinized"
"1935","scrutinizes"
"1936","scrutinizing"
"1937","scrutiny"
"1938","secrecy"
"1939","seize"
"1940","seized"
"1941","seizes"
"1942","seizing"
"1943","sentenced"
"1944","sentencing"
"1945","serious"
"1946","seriously"
"1947","seriousness"
"1948","setback"
"1949","setbacks"
"1950","sever"
"1951","severe"
"1952","severed"
"1953","severely"
"1954","severities"
"1955","severity"
"1956","sharply"
"1957","shocked"
"1958","shortage"
"1959","shortages"
"1960","shortfall"
"1961","shortfalls"
"1962","shrinkage"
"1963","shrinkages"
"1964","shut"
"1965","shutdown"
"1966","shutdowns"
"1967","shuts"
"1968","shutting"
"1969","slander"
"1970","slandered"
"1971","slanderous"
"1972","slanders"
"1973","slippage"
"1974","slippages"
"1975","slow"
"1976","slowdown"
"1977","slowdowns"
"1978","slowed"
"1979","slower"
"1980","slowest"
"1981","slowing"
"1982","slowly"
"1983","slowness"
"1984","sluggish"
"1985","sluggishly"
"1986","sluggishness"
"1987","solvencies"
"1988","solvency"
"1989","spam"
"1990","spammers"
"1991","spamming"
"1992","staggering"
"1993","stagnant"
"1994","stagnate"
"1995","stagnated"
"1996","stagnates"
"1997","stagnating"
"1998","stagnation"
"1999","standstill"
"2000","standstills"
"2001","stolen"
"2002","stoppage"
"2003","stoppages"
"2004","stopped"
"2005","stopping"
"2006","stops"
"2007","strain"
"2008","strained"
"2009","straining"
"2010","strains"
"2011","stress"
"2012","stressed"
"2013","stresses"
"2014","stressful"
"2015","stressing"
"2016","stringent"
"2017","subjected"
"2018","subjecting"
"2019","subjection"
"2020","subpoena"
"2021","subpoenaed"
"2022","subpoenas"
"2023","substandard"
"2024","sue"
"2025","sued"
"2026","sues"
"2027","suffer"
"2028","suffered"
"2029","suffering"
"2030","suffers"
"2031","suing"
"2032","summoned"
"2033","summoning"
"2034","summons"
"2035","summonses"
"2036","susceptibility"
"2037","susceptible"
"2038","suspect"
"2039","suspected"
"2040","suspects"
"2041","suspend"
"2042","suspended"
"2043","suspending"
"2044","suspends"
"2045","suspension"
"2046","suspensions"
"2047","suspicion"
"2048","suspicions"
"2049","suspicious"
"2050","suspiciously"
"2051","taint"
"2052","tainted"
"2053","tainting"
"2054","taints"
"2055","tampered"
"2056","tense"
"2057","terminate"
"2058","terminated"
"2059","terminates"
"2060","terminating"
"2061","termination"
"2062","terminations"
"2063","testify"
"2064","testifying"
"2065","threat"
"2066","threaten"
"2067","threatened"
"2068","threatening"
"2069","threatens"
"2070","threats"
"2071","tightening"
"2072","tolerate"
"2073","tolerated"
"2074","tolerates"
"2075","tolerating"
"2076","toleration"
"2077","tortuous"
"2078","tortuously"
"2079","tragedies"
"2080","tragedy"
"2081","tragic"
"2082","tragically"
"2083","traumatic"
"2084","trouble"
"2085","troubled"
"2086","troubles"
"2087","turbulence"
"2088","turmoil"
"2089","unable"
"2090","unacceptable"
"2091","unacceptably"
"2092","unaccounted"
"2093","unannounced"
"2094","unanticipated"
"2095","unapproved"
"2096","unattractive"
"2097","unauthorized"
"2098","unavailability"
"2099","unavailable"
"2100","unavoidable"
"2101","unavoidably"
"2102","unaware"
"2103","uncollectable"
"2104","uncollected"
"2105","uncollectibility"
"2106","uncollectible"
"2107","uncollectibles"
"2108","uncompetitive"
"2109","uncompleted"
"2110","unconscionable"
"2111","unconscionably"
"2112","uncontrollable"
"2113","uncontrollably"
"2114","uncontrolled"
"2115","uncorrected"
"2116","uncover"
"2117","uncovered"
"2118","uncovering"
"2119","uncovers"
"2120","undeliverable"
"2121","undelivered"
"2122","undercapitalized"
"2123","undercut"
"2124","undercuts"
"2125","undercutting"
"2126","underestimate"
"2127","underestimated"
"2128","underestimates"
"2129","underestimating"
"2130","underestimation"
"2131","underfunded"
"2132","underinsured"
"2133","undermine"
"2134","undermined"
"2135","undermines"
"2136","undermining"
"2137","underpaid"
"2138","underpayment"
"2139","underpayments"
"2140","underpays"
"2141","underperform"
"2142","underperformance"
"2143","underperformed"
"2144","underperforming"
"2145","underperforms"
"2146","underproduced"
"2147","underproduction"
"2148","underreporting"
"2149","understate"
"2150","understated"
"2151","understatement"
"2152","understatements"
"2153","understates"
"2154","understating"
"2155","underutilization"
"2156","underutilized"
"2157","undesirable"
"2158","undesired"
"2159","undetected"
"2160","undetermined"
"2161","undisclosed"
"2162","undocumented"
"2163","undue"
"2164","unduly"
"2165","uneconomic"
"2166","uneconomical"
"2167","uneconomically"
"2168","unemployed"
"2169","unemployment"
"2170","unethical"
"2171","unethically"
"2172","unexcused"
"2173","unexpected"
"2174","unexpectedly"
"2175","unfair"
"2176","unfairly"
"2177","unfavorability"
"2178","unfavorable"
"2179","unfavorably"
"2180","unfavourable"
"2181","unfeasible"
"2182","unfit"
"2183","unfitness"
"2184","unforeseeable"
"2185","unforeseen"
"2186","unforseen"
"2187","unfortunate"
"2188","unfortunately"
"2189","unfounded"
"2190","unfriendly"
"2191","unfulfilled"
"2192","unfunded"
"2193","uninsured"
"2194","unintended"
"2195","unintentional"
"2196","unintentionally"
"2197","unjust"
"2198","unjustifiable"
"2199","unjustifiably"
"2200","unjustified"
"2201","unjustly"
"2202","unknowing"
"2203","unknowingly"
"2204","unlawful"
"2205","unlawfully"
"2206","unlicensed"
"2207","unliquidated"
"2208","unmarketable"
"2209","unmerchantable"
"2210","unmeritorious"
"2211","unnecessarily"
"2212","unnecessary"
"2213","unneeded"
"2214","unobtainable"
"2215","unoccupied"
"2216","unpaid"
"2217","unperformed"
"2218","unplanned"
"2219","unpopular"
"2220","unpredictability"
"2221","unpredictable"
"2222","unpredictably"
"2223","unpredicted"
"2224","unproductive"
"2225","unprofitability"
"2226","unprofitable"
"2227","unqualified"
"2228","unrealistic"
"2229","unreasonable"
"2230","unreasonableness"
"2231","unreasonably"
"2232","unreceptive"
"2233","unrecoverable"
"2234","unrecovered"
"2235","unreimbursed"
"2236","unreliable"
"2237","unremedied"
"2238","unreported"
"2239","unresolved"
"2240","unrest"
"2241","unsafe"
"2242","unsalable"
"2243","unsaleable"
"2244","unsatisfactory"
"2245","unsatisfied"
"2246","unsavory"
"2247","unscheduled"
"2248","unsellable"
"2249","unsold"
"2250","unsound"
"2251","unstabilized"
"2252","unstable"
"2253","unsubstantiated"
"2254","unsuccessful"
"2255","unsuccessfully"
"2256","unsuitability"
"2257","unsuitable"
"2258","unsuitably"
"2259","unsuited"
"2260","unsure"
"2261","unsuspected"
"2262","unsuspecting"
"2263","unsustainable"
"2264","untenable"
"2265","untimely"
"2266","untrusted"
"2267","untruth"
"2268","untruthful"
"2269","untruthfully"
"2270","untruthfulness"
"2271","untruths"
"2272","unusable"
"2273","unwanted"
"2274","unwarranted"
"2275","unwelcome"
"2276","unwilling"
"2277","unwillingness"
"2278","upset"
"2279","urgency"
"2280","urgent"
"2281","usurious"
"2282","usurp"
"2283","usurped"
"2284","usurping"
"2285","usurps"
"2286","usury"
"2287","vandalism"
"2288","verdict"
"2289","verdicts"
"2290","vetoed"
"2291","victims"
"2292","violate"
"2293","violated"
"2294","violates"
"2295","violating"
"2296","violation"
"2297","violations"
"2298","violative"
"2299","violator"
"2300","violators"
"2301","violence"
"2302","violent"
"2303","violently"
"2304","vitiate"
"2305","vitiated"
"2306","vitiates"
"2307","vitiating"
"2308","vitiation"
"2309","voided"
"2310","voiding"
"2311","volatile"
"2312","volatility"
"2313","vulnerabilities"
"2314","vulnerability"
"2315","vulnerable"
"2316","vulnerably"
"2317","warn"
"2318","warned"
"2319","warning"
"2320","warnings"
"2321","warns"
"2322","wasted"
"2323","wasteful"
"2324","wasting"
"2325","weak"
"2326","weaken"
"2327","weakened"
"2328","weakening"
"2329","weakens"
"2330","weaker"
"2331","weakest"
"2332","weakly"
"2333","weakness"
"2334","weaknesses"
"2335","willfully"
"2336","worries"
"2337","worry"
"2338","worrying"
"2339","worse"
"2340","worsen"
"2341","worsened"
"2342","worsening"
"2343","worsens"
"2344","worst"
"2345","worthless"
"2346","writedown"
"2347","writedowns"
"2348","writeoff"
"2349","writeoffs"
"2350","wrong"
"2351","wrongdoing"
"2352","wrongdoings"
"2353","wrongful"
"2354","wrongfully"
"2355","wrongly"
