"","DictionaryLM.positive"
"1","able"
"2","abundance"
"3","abundant"
"4","acclaimed"
"5","accomplish"
"6","accomplished"
"7","accomplishes"
"8","accomplishing"
"9","accomplishment"
"10","accomplishments"
"11","achieve"
"12","achieved"
"13","achievement"
"14","achievements"
"15","achieves"
"16","achieving"
"17","adequately"
"18","advancement"
"19","advancements"
"20","advances"
"21","advancing"
"22","advantage"
"23","advantaged"
"24","advantageous"
"25","advantageously"
"26","advantages"
"27","alliance"
"28","alliances"
"29","assure"
"30","assured"
"31","assures"
"32","assuring"
"33","attain"
"34","attained"
"35","attaining"
"36","attainment"
"37","attainments"
"38","attains"
"39","attractive"
"40","attractiveness"
"41","beautiful"
"42","beautifully"
"43","beneficial"
"44","beneficially"
"45","benefit"
"46","benefited"
"47","benefiting"
"48","benefitted"
"49","benefitting"
"50","best"
"51","better"
"52","bolstered"
"53","bolstering"
"54","bolsters"
"55","boom"
"56","booming"
"57","boost"
"58","boosted"
"59","breakthrough"
"60","breakthroughs"
"61","brilliant"
"62","charitable"
"63","collaborate"
"64","collaborated"
"65","collaborates"
"66","collaborating"
"67","collaboration"
"68","collaborations"
"69","collaborative"
"70","collaborator"
"71","collaborators"
"72","compliment"
"73","complimentary"
"74","complimented"
"75","complimenting"
"76","compliments"
"77","conclusive"
"78","conclusively"
"79","conducive"
"80","confident"
"81","constructive"
"82","constructively"
"83","courteous"
"84","creative"
"85","creatively"
"86","creativeness"
"87","creativity"
"88","delight"
"89","delighted"
"90","delightful"
"91","delightfully"
"92","delighting"
"93","delights"
"94","dependability"
"95","dependable"
"96","desirable"
"97","desired"
"98","despite"
"99","destined"
"100","diligent"
"101","diligently"
"102","distinction"
"103","distinctions"
"104","distinctive"
"105","distinctively"
"106","distinctiveness"
"107","dream"
"108","easier"
"109","easily"
"110","easy"
"111","effective"
"112","efficiencies"
"113","efficiency"
"114","efficient"
"115","efficiently"
"116","empower"
"117","empowered"
"118","empowering"
"119","empowers"
"120","enable"
"121","enabled"
"122","enables"
"123","enabling"
"124","encouraged"
"125","encouragement"
"126","encourages"
"127","encouraging"
"128","enhance"
"129","enhanced"
"130","enhancement"
"131","enhancements"
"132","enhances"
"133","enhancing"
"134","enjoy"
"135","enjoyable"
"136","enjoyably"
"137","enjoyed"
"138","enjoying"
"139","enjoyment"
"140","enjoys"
"141","enthusiasm"
"142","enthusiastic"
"143","enthusiastically"
"144","excellence"
"145","excellent"
"146","excelling"
"147","excels"
"148","exceptional"
"149","exceptionally"
"150","excited"
"151","excitement"
"152","exciting"
"153","exclusive"
"154","exclusively"
"155","exclusiveness"
"156","exclusives"
"157","exclusivity"
"158","exemplary"
"159","fantastic"
"160","favorable"
"161","favorably"
"162","favored"
"163","favoring"
"164","favorite"
"165","favorites"
"166","friendly"
"167","gain"
"168","gained"
"169","gaining"
"170","gains"
"171","good"
"172","great"
"173","greater"
"174","greatest"
"175","greatly"
"176","greatness"
"177","happiest"
"178","happily"
"179","happiness"
"180","happy"
"181","highest"
"182","honor"
"183","honorable"
"184","honored"
"185","honoring"
"186","honors"
"187","ideal"
"188","impress"
"189","impressed"
"190","impresses"
"191","impressing"
"192","impressive"
"193","impressively"
"194","improve"
"195","improved"
"196","improvement"
"197","improvements"
"198","improves"
"199","improving"
"200","incredible"
"201","incredibly"
"202","influential"
"203","informative"
"204","ingenuity"
"205","innovate"
"206","innovated"
"207","innovates"
"208","innovating"
"209","innovation"
"210","innovations"
"211","innovative"
"212","innovativeness"
"213","innovator"
"214","innovators"
"215","insightful"
"216","inspiration"
"217","inspirational"
"218","integrity"
"219","invent"
"220","invented"
"221","inventing"
"222","invention"
"223","inventions"
"224","inventive"
"225","inventiveness"
"226","inventor"
"227","inventors"
"228","leadership"
"229","leading"
"230","loyal"
"231","lucrative"
"232","meritorious"
"233","opportunities"
"234","opportunity"
"235","optimistic"
"236","outperform"
"237","outperformed"
"238","outperforming"
"239","outperforms"
"240","perfect"
"241","perfected"
"242","perfectly"
"243","perfects"
"244","pleasant"
"245","pleasantly"
"246","pleased"
"247","pleasure"
"248","plentiful"
"249","popular"
"250","popularity"
"251","positive"
"252","positively"
"253","preeminence"
"254","preeminent"
"255","premier"
"256","premiere"
"257","prestige"
"258","prestigious"
"259","proactive"
"260","proactively"
"261","proficiency"
"262","proficient"
"263","proficiently"
"264","profitability"
"265","profitable"
"266","profitably"
"267","progress"
"268","progressed"
"269","progresses"
"270","progressing"
"271","prospered"
"272","prospering"
"273","prosperity"
"274","prosperous"
"275","prospers"
"276","rebound"
"277","rebounded"
"278","rebounding"
"279","receptive"
"280","regain"
"281","regained"
"282","regaining"
"283","resolve"
"284","revolutionize"
"285","revolutionized"
"286","revolutionizes"
"287","revolutionizing"
"288","reward"
"289","rewarded"
"290","rewarding"
"291","rewards"
"292","satisfaction"
"293","satisfactorily"
"294","satisfactory"
"295","satisfied"
"296","satisfies"
"297","satisfy"
"298","satisfying"
"299","smooth"
"300","smoothing"
"301","smoothly"
"302","smooths"
"303","solves"
"304","solving"
"305","spectacular"
"306","spectacularly"
"307","stability"
"308","stabilization"
"309","stabilizations"
"310","stabilize"
"311","stabilized"
"312","stabilizes"
"313","stabilizing"
"314","stable"
"315","strength"
"316","strengthen"
"317","strengthened"
"318","strengthening"
"319","strengthens"
"320","strengths"
"321","strong"
"322","stronger"
"323","strongest"
"324","succeed"
"325","succeeded"
"326","succeeding"
"327","succeeds"
"328","success"
"329","successes"
"330","successful"
"331","successfully"
"332","superior"
"333","surpass"
"334","surpassed"
"335","surpasses"
"336","surpassing"
"337","transparency"
"338","tremendous"
"339","tremendously"
"340","unmatched"
"341","unparalleled"
"342","unsurpassed"
"343","upturn"
"344","upturns"
"345","valuable"
"346","versatile"
"347","versatility"
"348","vibrancy"
"349","vibrant"
"350","win"
"351","winner"
"352","winners"
"353","winning"
"354","worthy"
