"","DictionaryLM.uncertainty"
"1","abeyance"
"2","abeyances"
"3","almost"
"4","alteration"
"5","alterations"
"6","ambiguities"
"7","ambiguity"
"8","ambiguous"
"9","anomalies"
"10","anomalous"
"11","anomalously"
"12","anomaly"
"13","anticipate"
"14","anticipated"
"15","anticipates"
"16","anticipating"
"17","anticipation"
"18","anticipations"
"19","apparent"
"20","apparently"
"21","appear"
"22","appeared"
"23","appearing"
"24","appears"
"25","approximate"
"26","approximated"
"27","approximately"
"28","approximates"
"29","approximating"
"30","approximation"
"31","approximations"
"32","arbitrarily"
"33","arbitrariness"
"34","arbitrary"
"35","assume"
"36","assumed"
"37","assumes"
"38","assuming"
"39","assumption"
"40","assumptions"
"41","believe"
"42","believed"
"43","believes"
"44","believing"
"45","cautious"
"46","cautiously"
"47","cautiousness"
"48","clarification"
"49","clarifications"
"50","conceivable"
"51","conceivably"
"52","conditional"
"53","conditionally"
"54","confuses"
"55","confusing"
"56","confusingly"
"57","confusion"
"58","contingencies"
"59","contingency"
"60","contingent"
"61","contingently"
"62","contingents"
"63","could"
"64","crossroad"
"65","crossroads"
"66","depend"
"67","depended"
"68","dependence"
"69","dependencies"
"70","dependency"
"71","dependent"
"72","depending"
"73","depends"
"74","destabilizing"
"75","deviate"
"76","deviated"
"77","deviates"
"78","deviating"
"79","deviation"
"80","deviations"
"81","differ"
"82","differed"
"83","differing"
"84","differs"
"85","doubt"
"86","doubted"
"87","doubtful"
"88","doubts"
"89","exposure"
"90","exposures"
"91","fluctuate"
"92","fluctuated"
"93","fluctuates"
"94","fluctuating"
"95","fluctuation"
"96","fluctuations"
"97","hidden"
"98","hinges"
"99","imprecise"
"100","imprecision"
"101","imprecisions"
"102","improbability"
"103","improbable"
"104","incompleteness"
"105","indefinite"
"106","indefinitely"
"107","indefiniteness"
"108","indeterminable"
"109","indeterminate"
"110","inexact"
"111","inexactness"
"112","instabilities"
"113","instability"
"114","intangible"
"115","intangibles"
"116","likelihood"
"117","may"
"118","maybe"
"119","might"
"120","nearly"
"121","nonassessable"
"122","occasionally"
"123","ordinarily"
"124","pending"
"125","perhaps"
"126","possibilities"
"127","possibility"
"128","possible"
"129","possibly"
"130","precaution"
"131","precautionary"
"132","precautions"
"133","predict"
"134","predictability"
"135","predicted"
"136","predicting"
"137","prediction"
"138","predictions"
"139","predictive"
"140","predictor"
"141","predictors"
"142","predicts"
"143","preliminarily"
"144","preliminary"
"145","presumably"
"146","presume"
"147","presumed"
"148","presumes"
"149","presuming"
"150","presumption"
"151","presumptions"
"152","probabilistic"
"153","probabilities"
"154","probability"
"155","probable"
"156","probably"
"157","random"
"158","randomize"
"159","randomized"
"160","randomizes"
"161","randomizing"
"162","randomly"
"163","randomness"
"164","reassess"
"165","reassessed"
"166","reassesses"
"167","reassessing"
"168","reassessment"
"169","reassessments"
"170","recalculate"
"171","recalculated"
"172","recalculates"
"173","recalculating"
"174","recalculation"
"175","recalculations"
"176","reconsider"
"177","reconsidered"
"178","reconsidering"
"179","reconsiders"
"180","reexamination"
"181","reexamine"
"182","reexamining"
"183","reinterpret"
"184","reinterpretation"
"185","reinterpretations"
"186","reinterpreted"
"187","reinterpreting"
"188","reinterprets"
"189","revise"
"190","revised"
"191","risk"
"192","risked"
"193","riskier"
"194","riskiest"
"195","riskiness"
"196","risking"
"197","risks"
"198","risky"
"199","roughly"
"200","rumors"
"201","seems"
"202","seldom"
"203","seldomly"
"204","sometime"
"205","sometimes"
"206","somewhat"
"207","somewhere"
"208","speculate"
"209","speculated"
"210","speculates"
"211","speculating"
"212","speculation"
"213","speculations"
"214","speculative"
"215","speculatively"
"216","sporadic"
"217","sporadically"
"218","sudden"
"219","suddenly"
"220","suggest"
"221","suggested"
"222","suggesting"
"223","suggests"
"224","susceptibility"
"225","tending"
"226","tentative"
"227","tentatively"
"228","turbulence"
"229","uncertain"
"230","uncertainly"
"231","uncertainties"
"232","uncertainty"
"233","unclear"
"234","unconfirmed"
"235","undecided"
"236","undefined"
"237","undesignated"
"238","undetectable"
"239","undeterminable"
"240","undetermined"
"241","undocumented"
"242","unexpected"
"243","unexpectedly"
"244","unfamiliar"
"245","unfamiliarity"
"246","unforecasted"
"247","unforseen"
"248","unguaranteed"
"249","unhedged"
"250","unidentifiable"
"251","unidentified"
"252","unknown"
"253","unknowns"
"254","unobservable"
"255","unplanned"
"256","unpredictability"
"257","unpredictable"
"258","unpredictably"
"259","unpredicted"
"260","unproved"
"261","unproven"
"262","unquantifiable"
"263","unquantified"
"264","unreconciled"
"265","unseasonable"
"266","unseasonably"
"267","unsettled"
"268","unspecific"
"269","unspecified"
"270","untested"
"271","unusual"
"272","unusually"
"273","unwritten"
"274","vagaries"
"275","vague"
"276","vaguely"
"277","vagueness"
"278","vaguenesses"
"279","vaguer"
"280","vaguest"
"281","variability"
"282","variable"
"283","variables"
"284","variably"
"285","variance"
"286","variances"
"287","variant"
"288","variants"
"289","variation"
"290","variations"
"291","varied"
"292","varies"
"293","vary"
"294","varying"
"295","volatile"
"296","volatilities"
"297","volatility"
